"EMPLOYEE_ID","FIRST_NAME"
174,Ellen
166,Sundar
130,Mozhe
105,David
204,Hermann
116,Shelli
167,Amit
172,Elizabeth
192,Sarah
151,David
129,Laura
169,Harrison
185,Alexis
187,Anthony
148,Gerald
154,Nanette
110,John
188,Kelly
119,Karen
142,Curtis
102,Lex
186,Julia
189,Jennifer
160,Louise
104,Bruce
147,Alberto
193,Britney
109,Daniel
202,Pat
197,Kevin
181,Jean
170,Tayler
121,Adam
190,Timothy
135,Ki
183,Girard
206,William
199,Douglas
178,Kimberely
108,Nancy
163,Danielle
152,Peter
201,Michael
205,Shelley
118,Guy
103,Alexander
175,Alyssa
179,Charles
195,Vance
122,Payam
115,Alexander
156,Janette
100,Steven
101,Neena
173,Sundita
137,Renske
127,James
165,David
177,Jack
107,Diana
133,Jason
128,Steven
131,James
164,Mattea
143,Randall
203,Susan
194,Samuel
158,Allan
126,Irene
124,Kevin
125,Julia
198,Donald
153,Christopher
132,TJ
168,Lisa
146,Karen
106,Valli
140,Joshua
191,Randall
136,Hazel
113,Luis
141,Trenna
114,Den
134,Michael
145,John
184,Nandita
111,Ismael
139,John
161,Sarath
159,Lindsey
171,William
138,Stephen
182,Martha
157,Patrick
176,Jonathon
180,Winston
117,Sigal
150,Peter
155,Oliver
112,Jose Manuel
144,Peter
162,Clara
123,Shanta
196,Alana
120,Matthew
200,Jennifer
149,Eleni
